sequence_name,chain,Plate.BC,Row.BC,Column.BC
5104_p4-100cw_A11Env,alpha,GCAGA,TAAGC,GTTCA
5104_p4-100cw_B2Env,alpha,GCAGA,TAAGC,CAGGA
5104_p4-100cw_B7Env,alpha,GCAGA,TAAGC,TTATA
5104_p4-100cw_C8Env,alpha,GCAGA,TAAGC,CCTGT
5104_p4-100cw_E7Env,alpha,GCAGA,TAAGC,ACCGC
5104_p4-100cw_F10Env,alpha,GCAGA,TAAGC,ACTTA
5104_p4-100cw_G4Env,alpha,GCAGA,TAAGC,GCTAG
5104_p4-100cw_H9Env,alpha,GCAGA,TAAGC,GACGT
5104_p4-100cw_A6Env,alpha,GCAGA,TAAGC,GGCTA
5104_p4-100cw_A1,alpha,GCAGA,TGCAC,GTTCA
5104_p4-100cw_A2,alpha,GCAGA,TGCAC,CAGGA
5104_p4-100cw_A3,alpha,GCAGA,TGCAC,TTATA
5104_p4-100cw_A4,alpha,GCAGA,TGCAC,CCTGT
5104_p4-100cw_A5,alpha,GCAGA,TGCAC,ACCGC
5104_p4-100cw_A6Env,alpha,GCAGA,TGCAC,ACTTA
5104_p4-100cw_A7,alpha,GCAGA,TGCAC,GCTAG
5104_p4-100cw_A8,alpha,GCAGA,TGCAC,GACGT
5104_p4-100cw_A9,alpha,GCAGA,TGCAC,GGCTA
5104_p4-100cw_A10,alpha,GCAGA,TGCAC,GAATG
5104_p4-100cw_A11Env,alpha,GCAGA,TGCAC,CCAAC
5104_p4-100cw_A12,alpha,GCAGA,TGCAC,GAGAC
5104_p4-100cw_B1,alpha,GCAGA,CTCAG,GTTCA
5104_p4-100cw_B2Env,alpha,GCAGA,CTCAG,CAGGA
5104_p4-100cw_B3,alpha,GCAGA,CTCAG,TTATA
5104_p4-100cw_B4,alpha,GCAGA,CTCAG,CCTGT
5104_p4-100cw_B5,alpha,GCAGA,CTCAG,ACCGC
5104_p4-100cw_B6,alpha,GCAGA,CTCAG,ACTTA
5104_p4-100cw_B7Env,alpha,GCAGA,CTCAG,GCTAG
5104_p4-100cw_B8,alpha,GCAGA,CTCAG,GACGT
5104_p4-100cw_B9,alpha,GCAGA,CTCAG,GGCTA
5104_p4-100cw_B10,alpha,GCAGA,CTCAG,GAATG
5104_p4-100cw_B11,alpha,GCAGA,CTCAG,CCAAC
5104_p4-100cw_B12,alpha,GCAGA,CTCAG,GAGAC
5104_p4-100cw_C1,alpha,GCAGA,GGAAT,GTTCA
5104_p4-100cw_C2,alpha,GCAGA,GGAAT,CAGGA
5104_p4-100cw_C3,alpha,GCAGA,GGAAT,TTATA
5104_p4-100cw_C4,alpha,GCAGA,GGAAT,CCTGT
5104_p4-100cw_C5,alpha,GCAGA,GGAAT,ACCGC
5104_p4-100cw_C6,alpha,GCAGA,GGAAT,ACTTA
5104_p4-100cw_C7,alpha,GCAGA,GGAAT,GCTAG
5104_p4-100cw_C8Env,alpha,GCAGA,GGAAT,GACGT
5104_p4-100cw_C9,alpha,GCAGA,GGAAT,GGCTA
5104_p4-100cw_C10,alpha,GCAGA,GGAAT,GAATG
5104_p4-100cw_C11,alpha,GCAGA,GGAAT,CCAAC
5104_p4-100cw_C12,alpha,GCAGA,GGAAT,GAGAC
9206act_p1-100cw_C12Env,alpha,GCAGA,CGAGG,GTTCA
9206act_p1-100cw_D3Env,alpha,GCAGA,CGAGG,CAGGA
9206act_p1-100cw_E11Env,alpha,GCAGA,CGAGG,TTATA
9206act_p1-100cw_F11Env,alpha,GCAGA,CGAGG,CCTGT
9206act_p2-100cw_A2Env,alpha,GCAGA,CGAGG,ACCGC
9206act_p2-100cw_B4Env,alpha,GCAGA,CGAGG,ACTTA
9206act_p2-100cw_B10Env,alpha,GCAGA,CGAGG,GCTAG
9206act_p2-100cw_B12Env,alpha,GCAGA,CGAGG,GACGT
9206act_p2-100cw_D8Env,alpha,GCAGA,CGAGG,GGCTA
9206act_p2-100cw_D11Env,alpha,GCAGA,CGAGG,GAATG
9206act_p2-100cw_G5Env,alpha,GCAGA,CGAGG,CCAAC
9206act_p2-100cw_G7Env,alpha,GCAGA,CGAGG,GAGAC
9206act_p2-100cw_A1,alpha,GCAGA,AGGAG,GTTCA
9206act_p2-100cw_A2Env,alpha,GCAGA,AGGAG,CAGGA
9206act_p2-100cw_A3,alpha,GCAGA,AGGAG,TTATA
9206act_p2-100cw_A4,alpha,GCAGA,AGGAG,CCTGT
9206act_p2-100cw_A5,alpha,GCAGA,AGGAG,ACCGC
9206act_p2-100cw_A6,alpha,GCAGA,AGGAG,ACTTA
9206act_p2-100cw_A7,alpha,GCAGA,AGGAG,GCTAG
9206act_p2-100cw_A8,alpha,GCAGA,AGGAG,GACGT
9206act_p2-100cw_A9,alpha,GCAGA,AGGAG,GGCTA
9206act_p2-100cw_A10,alpha,GCAGA,AGGAG,GAATG
9206act_p2-100cw_A11,alpha,GCAGA,AGGAG,CCAAC
9206act_p2-100cw_A12,alpha,GCAGA,AGGAG,GAGAC
9206act_p2-100cw_B1,alpha,GCAGA,TGTTG,GTTCA
9206act_p2-100cw_B2,alpha,GCAGA,TGTTG,CAGGA
9206act_p2-100cw_B3,alpha,GCAGA,TGTTG,TTATA
9206act_p2-100cw_B4Env,alpha,GCAGA,TGTTG,CCTGT
9206act_p2-100cw_B5,alpha,GCAGA,TGTTG,ACCGC
9206act_p2-100cw_B6,alpha,GCAGA,TGTTG,ACTTA
9206act_p2-100cw_B7,alpha,GCAGA,TGTTG,GCTAG
9206act_p2-100cw_B8,alpha,GCAGA,TGTTG,GACGT
9206act_p2-100cw_B9,alpha,GCAGA,TGTTG,GGCTA
9206act_p2-100cw_B10Env,alpha,GCAGA,TGTTG,GAATG
9206act_p2-100cw_B11,alpha,GCAGA,TGTTG,CCAAC
9206act_p2-100cw_B12Env,alpha,GCAGA,TGTTG,GAGAC
9206act_p2-100cw_C1,alpha,GCAGA,CAACT,GTTCA
9206act_p2-100cw_C2,alpha,GCAGA,CAACT,CAGGA
9206act_p2-100cw_C3,alpha,GCAGA,CAACT,TTATA
9206act_p2-100cw_C4,alpha,GCAGA,CAACT,CCTGT
9206act_p2-100cw_C5,alpha,GCAGA,CAACT,ACCGC
9206act_p2-100cw_C6,alpha,GCAGA,CAACT,ACTTA
9206act_p2-100cw_C7,alpha,GCAGA,CAACT,GCTAG
9206act_p2-100cw_C8,alpha,GCAGA,CAACT,GACGT
9206act_p2-100cw_C9,alpha,GCAGA,CAACT,GGCTA
9206act_p2-100cw_C10,alpha,GCAGA,CAACT,GAATG
9206act_p2-100cw_C11,alpha,GCAGA,CAACT,CCAAC
9206act_p2-100cw_C12,alpha,GCAGA,CAACT,GAGAC
5104_p4-100cw_A11Env,beta,TCGAA,TAAGC,GTTCA
5104_p4-100cw_B2Env,beta,TCGAA,TAAGC,CAGGA
5104_p4-100cw_B7Env,beta,TCGAA,TAAGC,TTATA
5104_p4-100cw_C8Env,beta,TCGAA,TAAGC,CCTGT
5104_p4-100cw_E7Env,beta,TCGAA,TAAGC,ACCGC
5104_p4-100cw_F10Env,beta,TCGAA,TAAGC,ACTTA
5104_p4-100cw_G4Env,beta,TCGAA,TAAGC,GCTAG
5104_p4-100cw_H9Env,beta,TCGAA,TAAGC,GACGT
5104_p4-100cw_A6Env,beta,TCGAA,TAAGC,GGCTA
5104_p4-100cw_A1,beta,TCGAA,TGCAC,GTTCA
5104_p4-100cw_A2,beta,TCGAA,TGCAC,CAGGA
5104_p4-100cw_A3,beta,TCGAA,TGCAC,TTATA
5104_p4-100cw_A4,beta,TCGAA,TGCAC,CCTGT
5104_p4-100cw_A5,beta,TCGAA,TGCAC,ACCGC
5104_p4-100cw_A6Env,beta,TCGAA,TGCAC,ACTTA
5104_p4-100cw_A7,beta,TCGAA,TGCAC,GCTAG
5104_p4-100cw_A8,beta,TCGAA,TGCAC,GACGT
5104_p4-100cw_A9,beta,TCGAA,TGCAC,GGCTA
5104_p4-100cw_A10,beta,TCGAA,TGCAC,GAATG
5104_p4-100cw_A11Env,beta,TCGAA,TGCAC,CCAAC
5104_p4-100cw_A12,beta,TCGAA,TGCAC,GAGAC
5104_p4-100cw_B1,beta,TCGAA,CTCAG,GTTCA
5104_p4-100cw_B2Env,beta,TCGAA,CTCAG,CAGGA
5104_p4-100cw_B3,beta,TCGAA,CTCAG,TTATA
5104_p4-100cw_B4,beta,TCGAA,CTCAG,CCTGT
5104_p4-100cw_B5,beta,TCGAA,CTCAG,ACCGC
5104_p4-100cw_B6,beta,TCGAA,CTCAG,ACTTA
5104_p4-100cw_B7Env,beta,TCGAA,CTCAG,GCTAG
5104_p4-100cw_B8,beta,TCGAA,CTCAG,GACGT
5104_p4-100cw_B9,beta,TCGAA,CTCAG,GGCTA
5104_p4-100cw_B10,beta,TCGAA,CTCAG,GAATG
5104_p4-100cw_B11,beta,TCGAA,CTCAG,CCAAC
5104_p4-100cw_B12,beta,TCGAA,CTCAG,GAGAC
5104_p4-100cw_C1,beta,TCGAA,GGAAT,GTTCA
5104_p4-100cw_C2,beta,TCGAA,GGAAT,CAGGA
5104_p4-100cw_C3,beta,TCGAA,GGAAT,TTATA
5104_p4-100cw_C4,beta,TCGAA,GGAAT,CCTGT
5104_p4-100cw_C5,beta,TCGAA,GGAAT,ACCGC
5104_p4-100cw_C6,beta,TCGAA,GGAAT,ACTTA
5104_p4-100cw_C7,beta,TCGAA,GGAAT,GCTAG
5104_p4-100cw_C8Env,beta,TCGAA,GGAAT,GACGT
5104_p4-100cw_C9,beta,TCGAA,GGAAT,GGCTA
5104_p4-100cw_C10,beta,TCGAA,GGAAT,GAATG
5104_p4-100cw_C11,beta,TCGAA,GGAAT,CCAAC
5104_p4-100cw_C12,beta,TCGAA,GGAAT,GAGAC
9206act_p1-100cw_C12Env,beta,TCGAA,CGAGG,GTTCA
9206act_p1-100cw_D3Env,beta,TCGAA,CGAGG,CAGGA
9206act_p1-100cw_E11Env,beta,TCGAA,CGAGG,TTATA
9206act_p1-100cw_F11Env,beta,TCGAA,CGAGG,CCTGT
9206act_p2-100cw_A2Env,beta,TCGAA,CGAGG,ACCGC
9206act_p2-100cw_B4Env,beta,TCGAA,CGAGG,ACTTA
9206act_p2-100cw_B10Env,beta,TCGAA,CGAGG,GCTAG
9206act_p2-100cw_B12Env,beta,TCGAA,CGAGG,GACGT
9206act_p2-100cw_D8Env,beta,TCGAA,CGAGG,GGCTA
9206act_p2-100cw_D11Env,beta,TCGAA,CGAGG,GAATG
9206act_p2-100cw_G5Env,beta,TCGAA,CGAGG,CCAAC
9206act_p2-100cw_G7Env,beta,TCGAA,CGAGG,GAGAC
9206act_p2-100cw_A1,beta,TCGAA,AGGAG,GTTCA
9206act_p2-100cw_A2Env,beta,TCGAA,AGGAG,CAGGA
9206act_p2-100cw_A3,beta,TCGAA,AGGAG,TTATA
9206act_p2-100cw_A4,beta,TCGAA,AGGAG,CCTGT
9206act_p2-100cw_A5,beta,TCGAA,AGGAG,ACCGC
9206act_p2-100cw_A6,beta,TCGAA,AGGAG,ACTTA
9206act_p2-100cw_A7,beta,TCGAA,AGGAG,GCTAG
9206act_p2-100cw_A8,beta,TCGAA,AGGAG,GACGT
9206act_p2-100cw_A9,beta,TCGAA,AGGAG,GGCTA
9206act_p2-100cw_A10,beta,TCGAA,AGGAG,GAATG
9206act_p2-100cw_A11,beta,TCGAA,AGGAG,CCAAC
9206act_p2-100cw_A12,beta,TCGAA,AGGAG,GAGAC
9206act_p2-100cw_B1,beta,TCGAA,TGTTG,GTTCA
9206act_p2-100cw_B2,beta,TCGAA,TGTTG,CAGGA
9206act_p2-100cw_B3,beta,TCGAA,TGTTG,TTATA
9206act_p2-100cw_B4Env,beta,TCGAA,TGTTG,CCTGT
9206act_p2-100cw_B5,beta,TCGAA,TGTTG,ACCGC
9206act_p2-100cw_B6,beta,TCGAA,TGTTG,ACTTA
9206act_p2-100cw_B7,beta,TCGAA,TGTTG,GCTAG
9206act_p2-100cw_B8,beta,TCGAA,TGTTG,GACGT
9206act_p2-100cw_B9,beta,TCGAA,TGTTG,GGCTA
9206act_p2-100cw_B10Env,beta,TCGAA,TGTTG,GAATG
9206act_p2-100cw_B11,beta,TCGAA,TGTTG,CCAAC
9206act_p2-100cw_B12Env,beta,TCGAA,TGTTG,GAGAC
9206act_p2-100cw_C1,beta,TCGAA,CAACT,GTTCA
9206act_p2-100cw_C2,beta,TCGAA,CAACT,CAGGA
9206act_p2-100cw_C3,beta,TCGAA,CAACT,TTATA
9206act_p2-100cw_C4,beta,TCGAA,CAACT,CCTGT
9206act_p2-100cw_C5,beta,TCGAA,CAACT,ACCGC
9206act_p2-100cw_C6,beta,TCGAA,CAACT,ACTTA
9206act_p2-100cw_C7,beta,TCGAA,CAACT,GCTAG
9206act_p2-100cw_C8,beta,TCGAA,CAACT,GACGT
9206act_p2-100cw_C9,beta,TCGAA,CAACT,GGCTA
9206act_p2-100cw_C10,beta,TCGAA,CAACT,GAATG
9206act_p2-100cw_C11,beta,TCGAA,CAACT,CCAAC
9206act_p2-100cw_C12,beta,TCGAA,CAACT,GAGAC